ordem_rota,id_original,nome,endereco,bairro,status_visita,visitado_em,checkin_recebido_em,tempo_desde_inicio_min,tempo_desde_anterior_min,tempo_parada_min,facilidade_parada_carro,rota_tranquila,desvio_ou_problema_rota,tamanho,material_entregue,foto_fachada,dias_horarios,telefone,whatsapp,email,site_instagram,pessoa_contato,receptividade,potencial_parceria,proximo_passo,observacoes
1,01,Centro Espírita Discípulos de Jesus,"R. Félix da Cunha, 64 - Tijuca, Rio de Janeiro - RJ, 20260-300",Tijuca,fechado,2026-06-28 09:47,2026-06-28 09:49:28 -03,,,,fácil,sim,,M,caixa correio,/root/vaults/base-conhecimento-amigosdaluz/outputs/parcerias/campo-instituicoes-espiritas/2026-06-28/fotos/01-centro-espirita-discipulos-de-jesus-fachada.jpg,Quinta-feira às 15h e 19h30 — palestra pública e passe,(21) 2569-8052,,,discipulosdejesus.com.wordpress,,,,,Foto de fachada/placa recebida. Placa: palestra pública e passe quinta-feira às 15h e 19h30; tel. (21) 2569-8052; site indicado: discipulosdejesus.com.wordpress. Visual pela foto: parecia fechado; Fábio corrigiu/avaliou como centro de médio porte (M). Check-in Fábio 2026-06-28 09:48:04 -03: centro fechado; foto de fachada arquivada. Check-in Fábio 2026-06-28 09:49:28 -03: fácil parar; rota tranquila; material deixado na caixa de correio. Complemento geral Fábio 2026-06-28 10:18:11 -03: até este ponto não houve problema de estacionamento; rota perfeita/tranquila.
2,03,Fraternidade Espírita Amor e Paz,"R. Guapiara, 9 - Tijuca, Rio de Janeiro - RJ, 20521-180",Tijuca,fechado,,2026-06-28 09:59:10 -03,,,,fácil,sim,,G,em mãos,/root/vaults/base-conhecimento-amigosdaluz/outputs/parcerias/campo-instituicoes-espiritas/2026-06-28/fotos/02-fraternidade-espirita-amor-e-paz-portao-horarios.jpg,"2ª, 4ª, 5ª e 6ª das 13h às 19h; 3ª sem atendimento ao público; sábado das 08h às 12h30",,,,,mulher sem nome informado; aparentava ser trabalhadora da casa,entrega rápida em mãos a mulher chegando/abrindo o centro; aparentava trabalhadora da casa,,,"Check-in Fábio 2026-06-28 09:59:10 -03: centro fechado; material entregue em mãos a uma moça que estava chegando; Fábio avaliou como centro grande (G); fácil estacionar; rota ótima. Foto do portão/aviso recebida. Aviso aos Correios e entregadores: funcionamento 2ª, 4ª, 5ª e 6ª das 13h às 19h; 3ª sem atendimento ao público; sábado das 08h às 12h30. OCR visual sugeriu fachada/portão simples, mas mantido tamanho G pela avaliação de campo. Complemento Fábio 2026-06-28 10:00:21 -03: não soube o nome; entrega foi muito rápida; ela estava chegando/abrindo o centro e parecia trabalhadora da casa. Complemento geral Fábio 2026-06-28 10:18:11 -03: até este ponto não houve problema de estacionamento; rota perfeita/tranquila."
3,02,Agremiação Espírita Francisco de Paula,"R. dos Araújos, 28 - Tijuca, Rio de Janeiro - RJ, 20521-000",Tijuca,fechado,,2026-06-28 10:04:21 -03,,,,fácil,sim,,G,,/root/vaults/base-conhecimento-amigosdaluz/outputs/parcerias/campo-instituicoes-espiritas/2026-06-28/fotos/03-agremiacao-espirita-francisco-de-paula-fachada.jpg,não visível na fachada,,,,,,,médio,confirmar contato/horários por fonte externa; avaliar frequência atual antes de priorizar,"Check-in Fábio 2026-06-28 10:04:21 -03: estava fechado; fachada sem horários, telefone ou contato visíveis; foto de fachada recebida. Visual: prédio/estrutura grande (G). Fábio ouviu de pessoas de outros centros que a casa estaria com poucos frequentadores. Complemento geral Fábio 2026-06-28 10:18:11 -03: até este ponto não houve problema de estacionamento; rota perfeita/tranquila."
4,30,Grupo Espírita Auta de Souza,"Rua Almirante João Candido Brasil, 335 - Maracanã - Rio de Janeiro – RJ, 20511020",Maracanã,visitado,,2026-06-28 10:13:05 -03,,,,fácil,sim,,M,deixado para dentro,/root/vaults/base-conhecimento-amigosdaluz/outputs/parcerias/campo-instituicoes-espiritas/2026-06-28/fotos/04-grupo-espirita-auta-de-souza-placa-horarios.jpg; /root/vaults/base-conhecimento-amigosdaluz/outputs/parcerias/campo-instituicoes-espiritas/2026-06-28/fotos/04-grupo-espirita-auta-de-souza-fachada.jpg,2ª 15h estudos e passes; 4ª 19h45 evangelização/mocidade/juventude e 20h estudos e passes; 6ª 20h estudos e passes; último domingo do mês 10h30 encontro fraterno,2571-3998,,,,,"havia movimento interno, mas ninguém atendeu",,,"Check-in Fábio 2026-06-28 10:13:05 -03: entrada pequenininha/difícil de visualizar; Fábio avaliou como centro médio (M). Duas fotos recebidas: fachada e placa/quadro de reuniões. OCR: Grupo Espírita Auta de Souza; número visível em uma foto: 635; reuniões públicas 2ª 15h estudos e passes; 4ª 19h45 evangelização/mocidade/juventude e 20h estudos e passes; 6ª 20h estudos e passes; último domingo do mês 10h30 encontro fraterno; telefone 2571-3998. Status/material ainda não informado explicitamente neste check-in. Complemento Fábio 2026-06-28 10:13:33 -03: estava aberto, havia movimento interno, mas ninguém atendeu; material/kit jogado/deixado para dentro. Complemento geral Fábio 2026-06-28 10:18:11 -03: até este ponto não houve problema de estacionamento; rota perfeita/tranquila."
5,13,Centro Espirita Jacques Chulan,"R. Visc. de Itamarati, 63 - Maracanã, Rio de Janeiro - RJ, 20550-140",Maracanã,fechado,,2026-06-28 10:18:11 -03,,,,fácil,sim,,,,/root/vaults/base-conhecimento-amigosdaluz/outputs/parcerias/campo-instituicoes-espiritas/2026-06-28/fotos/05-centro-espirita-jacques-chulan-fachada.jpg,não visível na fachada,,,,,,,,,"Check-in Fábio 2026-06-28 10:18:11 -03: estava fechado; fácil estacionar; rota perfeita. Sem horário de funcionamento nem contatos visíveis na fachada. Foto recebida. OCR/foto: Centro Espírita Jacques Chulam/Chulan, nº 63; textos: 'Estudamos Kardec', 'Trabalhamos no Bem', 'Cultivamos a Alegria Cristã'."
6,29,Casa da Caridade - Instituição Cristã Espírita de Estudos e Benefícios,"R. Prof. Eurico Rabelo, 51 - Maracanã, Rio de Janeiro - RJ, 20271-150",Maracanã,fechado,,2026-06-28 10:21:45 -03,,,,média,parcial,"perto do Maracanãzinho; estacionamento um pouco complicado; pequeno problema/desvio na rota, precisou fazer bandalha",,"sim, não em mãos",/root/vaults/base-conhecimento-amigosdaluz/outputs/parcerias/campo-instituicoes-espiritas/2026-06-28/fotos/06-casa-da-caridade-prof-eurico-rabelo-51-fachada.jpg,não visível na fachada,,,,,,,,,"Check-in Fábio 2026-06-28 10:21:45 -03: entregue, não em mãos; centro fechado; sem placa/nome na fachada e sem horários/contatos visíveis. Fábio tem certeza de que ali funciona um centro. Estacionamento um pouco complicado por estar perto do Maracanãzinho. Rota teve pequeno problema/desvio e precisou fazer uma bandalha, mas sem grande perrengue. Foto recebida; visual mostra nº 51 e portão fechado."
7,31,Lar Cristão Maria de Nazareth,"Rua Oito de Dezembro, 309 - Maracanã - Rio de Janeiro – RJ – 20550200",Maracanã,fechado,,2026-06-28 10:27:40 -03,,,,fácil,sim,,P,sim,/root/vaults/base-conhecimento-amigosdaluz/outputs/parcerias/campo-instituicoes-espiritas/2026-06-28/fotos/07-lar-cristao-maria-de-nazareth-quadro-horario.jpg; /root/vaults/base-conhecimento-amigosdaluz/outputs/parcerias/campo-instituicoes-espiritas/2026-06-28/fotos/07-lar-cristao-maria-de-nazareth-fachada.jpg,terça-feira das 19h30 às 21h — reunião pública/estudo de O Evangelho segundo o Espiritismo,2284-5176,,,,,,,,"Check-in Fábio 2026-06-28 10:27:40 -03: tranquilo de estacionar; centro fechado; kit deixado; Fábio avaliou como centro pequeno (P). Fotos recebidas/arquivadas. Placa: Lar Cristão Maria de Nazareth, nº 309, tel. 2284-5176. Quadro: reunião pública às terças-feiras das 19h30 às 21h; estudo de O Evangelho segundo o Espiritismo; citação Mateus 6:33."
8,12,Centro Espirita de Caridade Jesus,"Rua Engenheiro Gama Lôbo, 415 - Vila Isabel, Rio de Janeiro - RJ, 20551-100",Vila Isabel,fechado,,2026-06-28 10:30:43 -03,,,,fácil,sim,indício de terreiro/espiritualista afro-brasileiro; confirmar aderência ao recorte kardecista,,,/root/vaults/base-conhecimento-amigosdaluz/outputs/parcerias/campo-instituicoes-espiritas/2026-06-28/fotos/08-centro-espirita-caridade-jesus-fachada.jpg; /root/vaults/base-conhecimento-amigosdaluz/outputs/parcerias/campo-instituicoes-espiritas/2026-06-28/fotos/08-centro-espirita-caridade-jesus-quadro-terreiro-exu.jpg,não confirmado na fachada; quadro indica Terreiro de Exu em 04/07/2026 às 17h,2576-3011,,,,,,baixo,confirmar aderência doutrinária/linha religiosa antes de priorizar parceria kardecista,"Check-in Fábio 2026-06-28 10:30:43 -03: muito tranquilo de estacionar; centro fechado. Fábio avaliou que parece mais espiritualista do que espírita. Fotos recebidas/arquivadas. Fachada: Centro Espírita Caridade Jesus, fundado em 17/07/1932, tel. 2576-3011, nº 415; portão fechado com corrente/cadeado. Quadro/cartaz: 'Julho / Terreiro de Exu / 04/07/26, 17h / Axé!' e cartaz de orientação de roupa para terreiro. Indício forte de terreiro/umbanda/candomblé/espiritualista; confirmar aderência doutrinária antes de tratar como casa kardecista prioritária."
9,04,Centro Espírita Bezerra de Menezes do Andaraí - CEBMA,"Tv. Caminha, 48 - Andaraí, Rio de Janeiro - RJ, 20541-200",Andaraí,fechado,,2026-06-28 10:46:28 -03,,,,,,,M,,/root/vaults/base-conhecimento-amigosdaluz/outputs/parcerias/campo-instituicoes-espiritas/2026-06-28/fotos/09-cebma-quadro-avisos-ilegivel.jpg; /root/vaults/base-conhecimento-amigosdaluz/outputs/parcerias/campo-instituicoes-espiritas/2026-06-28/fotos/09-cebma-fachada-banner-evangelizacao.jpg,sábado às 15h — Evangelização Espírita / matrículas abertas,,,,,,,,,"Check-in parcial/Fotos 2026-06-28 10:46:28 -03: fotos recebidas/arquivadas. Fachada: Centro Espírita Bezerra de Menezes do Andaraí. Banner: Evangelização Espírita, matrículas abertas, sábado às 15h, frase 'Evangelizar é colocar Jesus em nossos corações'. Outra foto mostra quadro de avisos, mas sem textos legíveis por reflexo/desbotamento. Visual sugere porte médio (M) e fachada aparentemente fechada; aguarda confirmação de material/rota/parada se necessário."
10,05,Grupo Espírita Redenção,"R. Leopoldo, 417 - Andaraí, Rio de Janeiro - RJ, 20541-170",Andaraí,fechado,,2026-06-28 10:49:26 -03,,,,,,,M,,/root/vaults/base-conhecimento-amigosdaluz/outputs/parcerias/campo-instituicoes-espiritas/2026-06-28/fotos/10-grupo-espirita-redencao-placa-horarios.jpg; /root/vaults/base-conhecimento-amigosdaluz/outputs/parcerias/campo-instituicoes-espiritas/2026-06-28/fotos/10-grupo-espirita-redencao-fachada.jpg,"reuniões públicas: segunda-feira 13h/15h (leitura ambígua na foto), sábado 17h; Educação Espírita da Família sábado 8h",,,,,,,,,"Check-in Fábio 2026-06-28 10:49:26 -03: difícil de achar porque é pequenininho; Fábio avaliou como centro de médio porte (M). Fotos recebidas/arquivadas. Fachada: Grupo Espírita Redenção, nº 417. Placa: reuniões públicas segunda-feira às 13h (ou 15h em leitura anterior/ambígua; confirmar se necessário) e sábado às 17h; Educação Espírita da Família sábado às 8h. Portões/grades aparentavam fechados. Sem telefone/contato visível."
11,28,Centro Espírita Humberto de Campos,"Rua Uruguai, 30 - Andaraí - Rio de Janeiro – RJ",Andaraí,visitado,,2026-06-28 11:01:58 -03,,,,,,,,em mãos,,sem horário visível no local,,,,,"homem sem nome informado, aparentava ser dirigente da casa",recebeu o material na porta; Fábio se apresentou como do teatro; casa aberta e com bastante movimento,,,"Check-in Fábio 2026-06-28 11:01:58 -03: sem foto porque havia muita gente na porta. Casa aberta, funcionando e frequentada; parecia haver distribuição de cesta básica no dia. Sem horário visível no local. Homem que aparentava ser dirigente da casa estava na porta, recebeu o material; Fábio se apresentou como do teatro."
12,06,Centro Espiritualista Irmãos de Fé,"R. Barão de Mesquita, 921 - Grajaú, Rio de Janeiro - RJ, 20540-215",Grajaú,fechado,,2026-06-28 11:07:52 -03,,,,difícil,parcial,"Google Maps sugere esquina, mas entrada é numa ruazinha; parou na rua principal e foi andando; fácil de achar apesar disso",,sim,/root/vaults/base-conhecimento-amigosdaluz/outputs/parcerias/campo-instituicoes-espiritas/2026-06-28/fotos/12-centro-espiritualista-irmaos-de-fe-ceif-fachada.jpg,"consultas: segunda 19h30, quarta 14h30; desenvolvimento mediúnico: quinta 19h30",,,,www.ceif.com.br; Facebook/Instagram: CEIF1993,,,baixo,confirmar aderência doutrinária/linha espiritualista antes de priorizar parceria kardecista,"Check-in Fábio 2026-06-28 11:07:52 -03: material de divulgação colocado/deixado. No Google Maps parece esquina, mas não é exatamente na esquina; é preciso entrar numa ruazinha. Estacionamento foi meio complicado: pararam na rua principal e Fábio foi andando. Apesar disso, é fácil de achar. Foto recebida/arquivada. Placa: CEIF - Centro Espiritualista Irmãos de Fé; consultas segundas 19h30 e quartas 14h30; desenvolvimento mediúnico quintas 19h30; site ceif.com.br; redes CEIF1993. Instituição explicitamente espiritualista; confirmar aderência ao recorte kardecista antes de priorizar."
13,08,Grupo Espírita Jesus no Lar,"R. Barão do Bom Retiro, 2183 - Grajaú, Rio de Janeiro - RJ, 20540-341",Grajaú,fechado,,2026-06-28 11:21:54 -03,,,,difícil,parcial,"estacionamento ruim; fica numa esquina/descida do Grajaú, mas dá para parar ficando atento",P,sim,/root/vaults/base-conhecimento-amigosdaluz/outputs/parcerias/campo-instituicoes-espiritas/2026-06-28/fotos/13-grupo-espirita-jesus-no-lar-fachada.jpg,não visível na fachada,,,,,,,,,"Check-in Fábio 2026-06-28 11:21:54 -03: meio ruimzinho de parar; estava fechado; kit deixado. Foto recebida/arquivada. Placa: Grupo Espírita 'Jesus no Lar'. Sem horários/contatos visíveis; porta/fachada aparentava fechada. Complemento Fábio 2026-06-28 11:22:23 -03: confirmou centro pequeno (P); material deixado; estacionamento ruim por ficar numa esquina/descida do Grajaú, mas dá para parar ficando ligado."
14,09,CEJN - Centro Espírita Jorge Niemeyer,"R. Barão de Cotegipe, 599 - Vila Isabel, Rio de Janeiro - RJ, 20560-080",Vila Isabel,pendente,,,,,,,,,,,,,,,,,,,,,
15,11,Sociedade Espirita Jorge,"R. Luís Barbosa, 36 - Vila Isabel, Rio de Janeiro - RJ, 20560-010",Vila Isabel,visitado,,2026-06-28 11:32:24 -03,,,,fácil,sim,,,em mãos,/root/vaults/base-conhecimento-amigosdaluz/outputs/parcerias/campo-instituicoes-espiritas/2026-06-28/fotos/15-sociedade-espirita-jorge-placa-historia-contato.jpg; /root/vaults/base-conhecimento-amigosdaluz/outputs/parcerias/campo-instituicoes-espiritas/2026-06-28/fotos/15-sociedade-espirita-jorge-fachada-predio.jpg,reuniões públicas: terça 15h; quarta 19h30; sexta 19h30,(21) 2578-9851,,secretaria@sej.org.br,www.sej.org.br,"mulher da secretaria, sem nome informado; contato pessoal a confirmar: Jorge (possível dirigente/eventos/presidente)",material recebido em mãos pela secretaria; casa já conhecida por Fábio e De Luca,alto,"Fábio incluir telefone do contato pessoal que tem, possivelmente Jorge da SEJ/SESG; retomar como casa já relacionada","Check-in Fábio 2026-06-28 11:32:24 -03: material entregue em mãos à moça da secretaria, sem nome informado. Casa já conhecida por Fábio/De Luca; Fábio e De Luca já fizeram palestra ali. Fábio acredita que o dirigente/contato de eventos/presidente também se chama Jorge (Jorge da SEJ/SESG, confirmar). Fácil de estacionar, super tranquilo. Fotos recebidas/arquivadas com horários e contatos. Lembrar Fábio depois de incluir o telefone do contato pessoal que ele tem. Placa: Sociedade Espírita Jorge, fundada em 04/03/1927 como Tenda Espírita Jorge; reuniões públicas terça 15h, quarta 19h30, sexta 19h30; tel. (21) 2578-9851; site www.sej.org.br; email secretaria@sej.org.br."
16,07,Centro Espírita Ibirajara,"R. Barão de São Francisco, 156 - Vila Isabel, Rio de Janeiro - RJ, 20560-032",Vila Isabel,fechado,,2026-06-28 11:35:23 -03,,,,fácil,sim,,,sim,/root/vaults/base-conhecimento-amigosdaluz/outputs/parcerias/campo-instituicoes-espiritas/2026-06-28/fotos/16-centro-espirita-ibirajara-fachada.jpg; /root/vaults/base-conhecimento-amigosdaluz/outputs/parcerias/campo-instituicoes-espiritas/2026-06-28/fotos/16-centro-espirita-ibirajara-horarios-correio.jpg,"reuniões públicas: segunda 17h, terça 19h45, quinta 17h; evangelização sábado 16h às 18h",(27) 2238-2880,,comunicacao@ceibirajara.org.br,www.ceibirajara.org.br; Instagram @ceibirajara,,,,,"Check-in Fábio 2026-06-28 11:35:23 -03: muito tranquilo de estacionar; centro fechado; kit deixado. Fotos recebidas/arquivadas com placas. Fachada/placas: Centro Espírita Ibirajara; reuniões públicas segundas 17h, terças 19h45, quintas 17h; evangelização infância/mocidade/família sábados 16h às 18h; atividades também citam grupos de estudo e Lar de Ibirajara. Contatos: tel. (27) 2238-2880 conforme leitura da placa principal; Instagram @ceibirajara; site www.ceibirajara.org.br; email comunicacao@ceibirajara.org.br. Caixa de correio visível."
17,10,Casa de Aramis Associação Espírita,"R. Teodoro da Silva, 752 - Vila Isabel, Rio de Janeiro - RJ, 20560-025",Vila Isabel,fechado,,2026-06-28 11:40:44 -03,,,,,,,P,sim,/root/vaults/base-conhecimento-amigosdaluz/outputs/parcerias/campo-instituicoes-espiritas/2026-06-28/fotos/17-casa-de-aramis-tratamentos-espirituais.jpg; /root/vaults/base-conhecimento-amigosdaluz/outputs/parcerias/campo-instituicoes-espiritas/2026-06-28/fotos/17-casa-de-aramis-fachada-752.jpg,tratamentos espirituais: 2ª cura especial abertura 19h/acesso 14h/senhas 17h; 4ª desobsessão abertura 19h/acesso 14h/senhas 18h; sábado desobsessão abertura 15h/acesso 11h/senhas 11h,,,,,,,,,"Check-in Fábio 2026-06-28 11:40:44 -03: material deixado; estava fechado; Fábio avaliou como centro pequeno (P). Fotos recebidas/arquivadas. Fachada mostra nº 752, sem nome visível, portão/janelas fechados; visual de casa antiga protegida por grade/arame. Placa de Tratamentos Espirituais: 2ª cura especial, abertura 19h, acesso 14h, senhas 17h; 4ª desobsessão, abertura 19h, acesso 14h, senhas 18h; sábado desobsessão, abertura 15h, acesso 11h, senhas 11h."
18,24,Casa de Apoio Fraterno Ponto do Bem,"R. Antônio Salema, 57 - Vila Isabel, Rio de Janeiro - RJ, 20541-070",Vila Isabel,fechado,,2026-06-28 11:47:15 -03,,,,fácil,sim,,M,sim,/root/vaults/base-conhecimento-amigosdaluz/outputs/parcerias/campo-instituicoes-espiritas/2026-06-28/fotos/18-casa-apoio-fraterno-ponto-do-bem-placas-atendimento.jpg; /root/vaults/base-conhecimento-amigosdaluz/outputs/parcerias/campo-instituicoes-espiritas/2026-06-28/fotos/18-casa-apoio-fraterno-ponto-do-bem-fachada.jpg,"atendimento segunda a sexta, 09h às 18h",(21) 99965-4038,(21) 99965-4038,,,,,médio,manter no radar por forte voluntariado; confirmar se é centro espírita ou ação/ONG fraterna antes de abordagem doutrinária,"Check-in Fábio 2026-06-28 11:47:15 -03: tranquilo de estacionar; casa fechada; kit deixado. Fábio avalia que talvez não seja exatamente centro espírita, mas há muito voluntariado e vale manter no mapeamento. Fotos recebidas/arquivadas. Placas: Casa de Apoio Fraterno/Ponto do Bem; Armazém do Bem; Prateleiras do Bem; doação de alimentos; atendimento segunda a sexta, 09h às 18h; WhatsApp (21) 99965-4038; PIX/CNPJ visível na placa (redigir em relatórios públicos). Classificação operacional: organização/ação fraterna/voluntariado, confirmar natureza doutrinária antes de tratar como centro espírita kardecista."
19,26,Grupo Espírita Discípulos de Samuel,"R. dos Artistas, 151 - Vila Isabel, Rio de Janeiro - RJ, 20511-130",Vila Isabel,fechado,,2026-06-28 11:50:40 -03,,,,fácil,sim,entrada pelo portão lateral na Rua Ribeiro Guimarães; fica de esquina com o Bar do Adão,M,,/root/vaults/base-conhecimento-amigosdaluz/outputs/parcerias/campo-instituicoes-espiritas/2026-06-28/fotos/19-grupo-espirita-discipulos-de-samuel-porta-horario.jpg; /root/vaults/base-conhecimento-amigosdaluz/outputs/parcerias/campo-instituicoes-espiritas/2026-06-28/fotos/19-grupo-espirita-discipulos-de-samuel-fachada.jpg,reuniões públicas: quintas-feiras 19h30,,,,,,,,,"Check-in Fábio 2026-06-28 11:50:40 -03: fácil de estacionar; fica de esquina com o Bar do Adão; estava fechado; Fábio avaliou como centro espírita de médio porte (M). Parece haver uma escola atrelada/ao lado, possivelmente escola espírita. Fotos recebidas/arquivadas. Placas: Grupo Espírita Discípulos de Samuel; reuniões públicas quintas-feiras 19h30; Rua dos Artistas 151; entrada pelo portão lateral na Rua Ribeiro Guimarães; instituição cultura e caridade; fundado em 1º de janeiro de 1939."
20,14,Cabana de Antônio de Aquino,"Av. Paula Sousa, 298 - Maracanã, Rio de Janeiro - RJ, 20271-120",Maracanã,fechado,,2026-06-28 11:55:20 -03,,,,,,,G,,/root/vaults/base-conhecimento-amigosdaluz/outputs/parcerias/campo-instituicoes-espiritas/2026-06-28/fotos/20-cabana-antonio-de-aquino-fachada-grade.jpg; /root/vaults/base-conhecimento-amigosdaluz/outputs/parcerias/campo-instituicoes-espiritas/2026-06-28/fotos/20-cabana-antonio-de-aquino-portao.jpg,não visível na fachada/portões,,,,,,,,,"Check-in Fábio 2026-06-28 11:55:20 -03: fotos de fachada/portão para localização; sem horário de funcionamento, telefone ou contato visível. Fábio conferiu outro portão e também não viu informação. Visual: Associação Espírita Cabana de Antonio de Aquino, fachada/prédio grande (2-3 andares), portão/grade fechado, cerca elétrica/placas de perigo. Status visual fechado. Complemento Fábio 2026-06-28 11:55:45 -03: confirmou que não há informação visível de horários/contatos; centro grande."
21,16,GEAL - Grupo Espírita André Luiz,"R. Jiquiba, 139 - Maracanã, Rio de Janeiro - RJ, 20271-250",Maracanã,visitado,,2026-06-28 12:05:13 -03,,,,,,,,em mãos,/root/vaults/base-conhecimento-amigosdaluz/outputs/parcerias/campo-instituicoes-espiritas/2026-06-28/fotos/21-geal-grupo-espirita-andre-luiz-horarios.jpg,"reuniões públicas/palestras/passes: 5ª 15h e 20h, domingo 16h; Escola de Médiuns: 6ª 20h-21h30; Juventude: sábado 15h-17h30; Evangelização da Família: domingo 9h30-11h30",,,,www.geal.org.br,"Dona Denise; ponte interna: Melissa/Mel, assessoria de imprensa da equipe do Vídeo da Luz, frequentadora do centro",boa; Fábio explicou a parceria; Dona Denise vai encaminhar para a pessoa responsável; há muitos jovens e interesse em fazer algo com a CCAL/no espaço,alto,acionar Melissa/Mel como ponte antes de propor fechamento; identificar responsável formal indicado por Dona Denise,"Check-in Fábio 2026-06-28 12:05:13 -03: Fábio falou com Dona Denise e explicou a Parceria Iluminada; conversa demorou um pouco porque apresentou melhor a proposta. Dona Denise vai passar para a pessoa responsável. Kit/material ficou todo lá. Melissa/Mel, assessoria de imprensa da equipe do Vídeo da Luz, frequenta este centro; usar Melissa como ponte para avançar. Observação estratégica: há muitos jovens e demonstraram bastante interesse em fazer algo com a CCAL/no espaço. Se quiser fechar ação/parceria com este centro, falar com Melissa primeiro. Foto/placa recebida: GEAL; atividades abertas ao público: reuniões públicas com palestras e passes 5ª 15h e 20h, domingo 16h; Escola de Médiuns 6ª 20h-21h30; Juventude sábado 15h-17h30; Evangelização da Família domingo 9h30-11h30; site www.geal.org.br."
22,15,Grupo Espírita Sebastião,"R. Morais e Silva, 102A - Maracanã, Rio de Janeiro - RJ, 20271-031",Maracanã,retornar,,2026-06-28 12:24:41 -03,,,,,,,,,,,,,,,,,,levar material amanhã (2026-06-29); perto da casa de Fábio,"Check-in Fábio 2026-06-28 12:24 -03: Fábio pulou este centro de propósito. É o centro da Rua Morais e Silva, perto de casa; ficou para levar/entregar amanhã (2026-06-29), não na rota de hoje."
23,17,IEVE - IRMANDADE ESPIRITUALISTA VERDADE ETERNA,"R. Paulo Fernandes, 24 - Praça da Bandeira, Rio de Janeiro - RJ, 20271-300",Praça da Bandeira,fechado,2026-06-28 12:14,2026-06-28 12:14:00 -03,,9,,,,,,em mãos,/root/vaults/base-conhecimento-amigosdaluz/outputs/parcerias/campo-instituicoes-espiritas/2026-06-28/fotos/23-ieve-irmandade-espiritualista-verdade-eterna-fachada.jpg,domingo de manhã — reunião aparentemente encerrada antes de 12h14 (inferência de campo); sem horário oficial visível,,,,,"porteiro, sem nome informado",material recebido pelo porteiro enquanto a casa fechava,baixo,confirmar horários oficiais e aderência doutrinária/linha espiritualista antes de priorizar,"Check-in Fábio 2026-06-28 12:14 -03: material entregue em mãos ao porteiro. Fábio chegou quando a reunião parecia ter acabado e o local já estava fechando/fechado; inferência de campo: abriu no domingo de manhã, mas por volta de 12h14 já estava encerrando. Foto recebida/arquivada. Fachada: placa azul com texto visível 'IEVE' entre aspas e parte de logotipo circular; portas metálicas azuis fechadas. Sem horários oficiais, telefone, WhatsApp ou contato visíveis na foto. Instituição explicitamente espiritualista pelo cadastro/nome; confirmar aderência ao recorte kardecista antes de priorizar parceria."
24,23,GECAF,"Rua Correia Vasques, 17 - Estácio, Rio de Janeiro - RJ, 20211-140",Estácio,fechado,2026-06-28 12:21,2026-06-28 12:21:20 -03,,,,fácil,sim,bem perto da CCAL/espaço; fácil de estacionar,P,,/root/vaults/base-conhecimento-amigosdaluz/outputs/parcerias/campo-instituicoes-espiritas/2026-06-28/fotos/24-gecaf-grupo-espirita-caminho-da-felicidade-placas-horarios.jpg,"2ª 12h30-14h e 19h30-21h; 3ª 17h-18h30 e 19h30-21h; 4ª 19h30-21h (privativa); 5ª 19h30-21h; 6ª 19h30-21h; sábado 15h-17h Escola de Evangelização Espírita (infância, mocidade e familiar)",,,,www.gecaf.net,,,médio,confirmar se material foi entregue e validar contato pelo site/CEERJ; casa aderente ao recorte kardecista pela placa CEERJ/CEU,"Check-in parcial/foto Fábio 2026-06-28: foto de placa/fachada recebida e arquivada. Placa: Grupo Espírita Caminho da Felicidade (GECAF), fundado em 06/11/1983; sede Rua Corrêa Vasques, 17, Estácio, Rio de Janeiro/RJ, CEP 20211-140; site www.gecaf.net. Vínculo informado na placa: CEERJ e 12º Conselho Espírita de Unificação (CEU). Reuniões: 2ª 12h30-14h e 19h30-21h; 3ª 17h-18h30 e 19h30-21h; 4ª 19h30-21h privativa; 5ª 19h30-21h; 6ª 19h30-21h; sábado 15h-17h Escola de Evangelização Espírita (infância, mocidade e familiar). Visual sem pessoas/atividade no momento; portão/entrada lateral aparenta fechado, mas status deve ser confirmado por relato de campo. Porte visual pequeno/local (P), confirmar se Fábio avaliar diferente. Complemento Fábio 2026-06-28 12:21 -03: confirma check-in no GECAF; estava fechado; foto da plaquinha já enviada; fácil/de boa de estacionar; ponto bem perto da CCAL/espaço."
25,22,Congregação Espírita Umbandista do Brasil,"R. Sampaio Ferraz, 29 - Estácio, Rio de Janeiro - RJ, 20250-040",Estácio,fechado,2026-06-28 12:28,2026-06-28 12:32:04 -03,,7,,,,,P,sim,/root/vaults/base-conhecimento-amigosdaluz/outputs/parcerias/campo-instituicoes-espiritas/2026-06-28/fotos/25-templo-umbandista-maria-conga-do-congo-placa.jpg,consultas às segundas-feiras a partir das 16h,,,,,,,baixo,não priorizar no recorte kardecista; manter para eventual estratégia específica de diálogo com Umbanda/espiritualistas,"Check-in Fábio 2026-06-28 12:28 -03: local fechado; Fábio avaliou como centro pequeno (P); kit/material deixado. Foto/placa recebida e arquivada. Placa visível: Templo Umbandista Maria Conga do Congo (Centro Escola); consultas às 2ª-feiras a partir das 16h. Não há telefone, endereço, e-mail, site ou rede social visível na placa. Indício explícito de Umbanda/templo umbandista; manter no cadastro, mas não priorizar no recorte kardecista sem estratégia específica para diálogo inter-religioso. Complemento Fábio 2026-06-28 12:32 -03: contato informado: Duque; telefone/WhatsApp informado sem DDD: 98152-8156 (DDD não informado). Correção Osíris 2026-06-28 12:33 -03: o contato Duque/98152-8156 foi reatribuído ao Centro Espírita Bezerra de Menezes (check-in seguinte), não a este templo umbandista."
26,18,Centro Espírita Bezerra Menezes,"R. Maia de Lacerda, 155 - Estácio, Rio de Janeiro - RJ, 20250-001",Estácio,visitado,2026-06-28 12:33,2026-06-28 12:33:34 -03,,,,,,,G,em mãos,/root/vaults/base-conhecimento-amigosdaluz/outputs/parcerias/campo-instituicoes-espiritas/2026-06-28/fotos/26-centro-espirita-bezerra-menezes-estacio-cartaz.jpg,palestras públicas: terça 15h e domingo 10h; evangelização da família sábado 8h30; promoção social espírita último sábado do mês; grupos de estudos sob consulta,(21) 2273-9398,(21) 2273-9398; Duque: 98152-8156 (DDD não informado),,bezerramenezes.org.br; redes @/cebmestacio,"Duque, responsável",alta; responsável recebeu material e sinalizou fechamento de parceria para venda de ingressos,prioritário,formalizar parceria/ponto de venda de ingressos com Duque; confirmar DDD do WhatsApp pessoal se necessário,"Check-in Fábio 2026-06-28 12:33 -03: material entregue em mãos à pessoa responsável, Duque. Fábio anotou WhatsApp de Duque: 98152-8156 (DDD não informado). Segundo Fábio, eles vão fechar parceria para venda de ingressos na CCAL/casa. Foto/cartaz recebida e arquivada. Cartaz: Centro Espírita Bezerra de Menezes, Estácio, desde 1912; palestras públicas 3ª 15h e domingos 10h; evangelização da família sábados 8h30; promoção social espírita no último sábado do mês; grupos de estudos sob consulta. Redes: /cebmestacio; WhatsApp público para informações: (21) 2273-9398; site: bezerramenezes.org.br. Alta prioridade para parceria, com ponto de venda/ingressos."
27,19,Grupo Espirita Caminho da Esperanca,"R. Aristídes Lôbo, 51 - Rio Comprido, Rio de Janeiro - RJ, 20250-450",Rio Comprido,fechado,2026-06-28 12:36,2026-06-28 12:36:43 -03,,3,,,sim,bem perto da CCAL/espaço; área/Rua Aristides Lobo,M,,/root/vaults/base-conhecimento-amigosdaluz/outputs/parcerias/campo-instituicoes-espiritas/2026-06-28/fotos/27-grupo-espirita-caminho-da-esperanca-banner.jpg,reuniões públicas: 2ª e 4ª feiras das 19h às 20h,,,,Instagram @caminhodaesperancagece; Facebook facebook.com/caminhodaesperancagece; YouTube @CaminhoDaEsperancaGECE,,,médio,confirmar entrega do material; considerar retorno em 2ª ou 4ª 19h por proximidade com a CCAL,"Check-in Fábio 2026-06-28 12:36 -03: centro fechado; Fábio avaliou como médio porte (M); fica na Rua Aristides Lobo/área de Aristides Lobo, bem perto da CCAL/espaço. Foto/banner recebido e arquivado. Banner: Centro Espírita Caminho da Esperança; número 51 visível; reuniões públicas 2ª e 4ª feiras das 19h às 20h. Redes: Instagram @caminhodaesperancagece; Facebook facebook.com/caminhodaesperancagece; YouTube @CaminhoDaEsperancaGECE. Material/kit não informado neste check-in."
28,21,Grupo Samaritanos,"R. Barão de Ubá, 96 - Praça da Bandeira, Rio de Janeiro - RJ, 20260-050",Praça da Bandeira,visitado,2026-06-28 13:01,2026-06-28 13:01:24 -03,,25,,,,,P,porteiro,sem foto por fachada sem identificação relevante,"reuniões quintas, sábados e domingos; reunião terminando por volta de 13h01 no domingo; horários detalhados não informados",,,,,"Seu Ivan, diretor; porteiro sem nome informado recebeu o material",porteiro recebeu o material e disse que entregaria ao diretor Seu Ivan ainda hoje,médio,confirmar recebimento com Seu Ivan e levantar contato/horários detalhados,"Check-in Fábio 2026-06-28 13:01 -03: instituição do nº 96, identificada na rota como Grupo Samaritanos, R. Barão de Ubá, 96. Estava aberta/funcionando no domingo; uma reunião estava terminando naquele momento. Fábio informou que as reuniões acontecem às quintas, sábados e domingos, sem horários detalhados. Diretor: Seu Ivan. Material deixado com o porteiro, que vai entregar ao Seu Ivan ainda hoje. Sem foto por decisão de campo: fachada sem nome, sem dias de reunião pública e sem informação relevante; apenas número 96 visível e um banner discreto sobre trabalho social. Complemento Fábio 2026-06-28 13:04 -03: Fábio corrigiu/avaliou que o centro do nº 96 parece pequeno (P)."
29,27,Cruzada dos Militares Espíritas,"Rua São Valentim, 142 - Praça da Bandeira - Rio de Janeiro – RJ",Praça da Bandeira,fechado,2026-06-28 13:04,2026-06-28 13:04:19 -03,,3,,,,,M,sim,/root/vaults/base-conhecimento-amigosdaluz/outputs/parcerias/campo-instituicoes-espiritas/2026-06-28/fotos/29-cruzada-dos-militares-espiritas-placa-reunioes.jpg; /root/vaults/base-conhecimento-amigosdaluz/outputs/parcerias/campo-instituicoes-espiritas/2026-06-28/fotos/29-cruzada-dos-militares-espiritas-fachada-142.jpg,reuniões públicas: domingos às 10h,,,,,,,médio,"retornar/contatar em domingo próximo às 10h, se necessário; confirmar contato por fonte externa","Check-in Fábio 2026-06-28 13:04 -03: Cruzada dos Militares Espíritas, nº 142, estava fechada; Fábio avaliou como centro de médio porte (M); kit/material deixado. Fotos recebidas e arquivadas: placa de reuniões e fachada. Placa: reuniões públicas domingos às 10h. Citação da placa: 'A nossa Cruzada tem por finalidade o estudo, a prática e a difusão do Espiritismo, conforme definido na Codificação Kardecista.' Fachada com portão fechado, número 142 e sigla CME na parte superior; visual de sobrado/prédio simples com boa estrutura."
30,20,AEOB - ASSOCIAÇÃO ESPÍRITA OBREIROS DO BEM,"Rua Santa Alexandrina, 667 - Rio Comprido, Rio de Janeiro - RJ, 20261-235",Rio Comprido,fechado,2026-06-28 13:13,2026-06-28 13:15:45 -03,,9,,,,,,sim,/root/vaults/base-conhecimento-amigosdaluz/outputs/parcerias/campo-instituicoes-espiritas/2026-06-28/fotos/30-aeob-associacao-espirita-obreiros-do-bem-placa-atividades.jpg; /root/vaults/base-conhecimento-amigosdaluz/outputs/parcerias/campo-instituicoes-espiritas/2026-06-28/fotos/30-aeob-associacao-espirita-obreiros-do-bem-placa-atividades-2.jpg,terça 19h30 Estudo Sistematizado da Doutrina Espírita; quinta 14h30 Reunião Pública; domingo 10h Evangelização de Crianças e Jovens/Grupos de pais; administração 8h-17h,(21) 2273-3366; (21) 3256-3898,(21) 98921-1563,,Instagram @obreirosdobemaeob; Facebook Aeob Pedro De Alcântara,,fechado; campainha tocada e ninguém atendeu,alto,retomar por WhatsApp/telefone; mencionar relação prévia de frequentadores que já foram ao espaço/CCAL; confirmar material entregue se houver,"Check-in Fábio 2026-06-28 13:13 -03: Associação Espírita Obreiros do Bem (AEOB) estava fechada; Fábio tocou a campainha e ninguém atendeu. Fábio informou que algumas pessoas de lá já foram ao espaço/CCAL, então há relação prévia/potencial de retomada. Foto da placa recebida e arquivada. Placa: Atividades Doutrinárias: terça 19h30 Estudo Sistematizado da Doutrina Espírita; quinta 14h30 Reunião Pública; domingo 10h Evangelização de Crianças e Jovens/Grupos de pais. Redes: Instagram @obreirosdobemaeob; Facebook Aeob Pedro De Alcântara. Contatos: (21) 2273-3366, (21) 3256-3898, WhatsApp (21) 98921-1563. Administração 8h às 17h. Material/kit não confirmado neste check-in. Complemento Fábio 2026-06-28 13:15 -03: confirmação de que o kit/material foi deixado."
31,25,Centro Espirita Caridade Ismael,"Rua Itapiru, 573, Casa 54",Rio Comprido,pendente,,,,,,,,,,,,,,,,,,,,,
